Matriks,asm,cont,idm,e
0 derajat,0.13541666666666666,0.8333333333333333,0.6833333333333333,-2.341228125420674
45 derajat,0.1419753086419753,0.8888888888888891,0.7222222222222222,-2.4843777790598334
90 derajat,0.125,0.8333333333333334,0.6166666666666667,-2.4245614587540074
135 derajat,0.09259259259259259,0.7777777777777778,0.4,-2.492731945325857
All derajat,1.1651234567901234,2.75,0.7222222222222222,-4.005038560519062
