Matriks,energy,contras,homogenity,correlation
0 derajat,0.02273793900992465,212.51208669074606,0.29163152184308055,0.9999999999999998
0 derajat,0.027460043286403862,130.8057793831611,0.3545397985605529,1.0000000000000002
0 derajat,0.021448891190269746,149.25257015837633,0.2952463676840034,1.0
